{
  "source": {
    "geometry": "U.S. Census cartographic boundary GeoJSON, 2010 500k state boundaries via eric.clst.org mirror",
    "census": "ACS 2024 5-year (2020-2024) via Census Reporter API; tables B01003, B19013, B03002",
    "landscape": "Census state land area (CENSUSAREA square miles) from the boundary file"
  },
  "states": {
    "10": {
      "name": "Delaware",
      "population": 1021191,
      "density": 524.0792735905751,
      "income": 87534,
      "diversity": 0.6157322894842683,
      "landArea": 1948.543,
      "densityNorm": 0.409699547096325,
      "incomeNorm": 0.6215837727839654,
      "diversityNorm": 0.8284606325007561,
      "landAreaNorm": 0.003515512656122658
    },
    "12": {
      "name": "Florida",
      "population": 22416076,
      "density": 418.0172819051737,
      "income": 77735,
      "diversity": 0.6538409139889076,
      "landArea": 53624.759,
      "densityNorm": 0.3258254908238633,
      "incomeNorm": 0.4071683332968644,
      "diversityNorm": 0.9041574029977544,
      "landAreaNorm": 0.20211902404422585
    },
    "13": {
      "name": "Georgia",
      "population": 10940407,
      "density": 190.22333631843037,
      "income": 79991,
      "diversity": 0.6601262558020106,
      "landArea": 57513.485,
      "densityNorm": 0.14568553769776735,
      "incomeNorm": 0.4565326798100698,
      "diversityNorm": 0.9166422429232604,
      "landAreaNorm": 0.21706428703380337
    },
    "16": {
      "name": "Idaho",
      "population": 1934262,
      "density": 23.404998144007564,
      "income": 81166,
      "diversity": 0.37146075614868357,
      "landArea": 82643.117,
      "densityNorm": 0.013765229008656302,
      "incomeNorm": 0.4822432769523643,
      "diversityNorm": 0.3432537682224985,
      "landAreaNorm": 0.31364320750063557
    },
    "17": {
      "name": "Illinois",
      "population": 12694798,
      "density": 228.65710848534005,
      "income": 83211,
      "diversity": 0.6143084344479595,
      "landArea": 55518.93,
      "densityNorm": 0.17607904924950313,
      "incomeNorm": 0.5269906566595917,
      "diversityNorm": 0.8256323691009226,
      "landAreaNorm": 0.20939875620900963
    },
    "18": {
      "name": "Indiana",
      "population": 6851073,
      "density": 191.23128889045697,
      "income": 71959,
      "diversity": 0.4296061123000571,
      "landArea": 35826.109,
      "densityNorm": 0.14648262880837834,
      "incomeNorm": 0.28078160215312575,
      "diversityNorm": 0.4587503451068444,
      "landAreaNorm": 0.1337147432824947
    },
    "19": {
      "name": "Iowa",
      "population": 3210507,
      "density": 57.477120646907565,
      "income": 75501,
      "diversity": 0.3311234603795502,
      "landArea": 55857.13,
      "densityNorm": 0.04070953841411311,
      "incomeNorm": 0.35828537668759985,
      "diversityNorm": 0.263130093857555,
      "landAreaNorm": 0.21069853612229617
    },
    "20": {
      "name": "Kansas",
      "population": 2947197,
      "density": 36.047495706176505,
      "income": 75514,
      "diversity": 0.458162719911693,
      "landArea": 81758.717,
      "densityNorm": 0.02376294388373695,
      "incomeNorm": 0.35856983435811035,
      "diversityNorm": 0.5154735409883352,
      "landAreaNorm": 0.31024425612479106
    },
    "21": {
      "name": "Kentucky",
      "population": 4534824,
      "density": 114.84539285461213,
      "income": 64526,
      "diversity": 0.3445076670778655,
      "landArea": 39486.338,
      "densityNorm": 0.08607649423816828,
      "incomeNorm": 0.11813745869893438,
      "diversityNorm": 0.28971570894852794,
      "landAreaNorm": 0.14778184006614015
    },
    "22": {
      "name": "Louisiana",
      "population": 4611961,
      "density": 106.74870709025029,
      "income": 60986,
      "diversity": 0.5965442369034193,
      "landArea": 43203.905,
      "densityNorm": 0.07967361732977625,
      "incomeNorm": 0.04067744688300037,
      "diversityNorm": 0.7903465931887352,
      "landAreaNorm": 0.1620692998913823
    },
    "23": {
      "name": "Maine",
      "population": 1387817,
      "density": 44.99628650630811,
      "income": 76442,
      "diversity": 0.20234989498329692,
      "landArea": 30842.923,
      "densityNorm": 0.030839667328333886,
      "incomeNorm": 0.37887573576070543,
      "diversityNorm": 0.007341721734764396,
      "landAreaNorm": 0.11456322031688058
    },
    "24": {
      "name": "Maryland",
      "population": 6206011,
      "density": 639.3177010852003,
      "income": 102905,
      "diversity": 0.687596519798469,
      "landArea": 9707.241,
      "densityNorm": 0.5008303489872022,
      "incomeNorm": 0.9579221461237172,
      "diversityNorm": 0.971207588596619,
      "landAreaNorm": 0.03333396272607076
    },
    "25": {
      "name": "Massachusetts",
      "population": 7044056,
      "density": 903.0773873732734,
      "income": 104828,
      "diversity": 0.5447144761589134,
      "landArea": 7800.058,
      "densityNorm": 0.7094120889544491,
      "incomeNorm": 1,
      "diversityNorm": 0.6873949502210506,
      "landAreaNorm": 0.02600422247071428
    },
    "26": {
      "name": "Michigan",
      "population": 10077761,
      "density": 178.2447274664925,
      "income": 72389,
      "diversity": 0.4627133814387887,
      "landArea": 56538.901,
      "densityNorm": 0.13621282747473715,
      "incomeNorm": 0.290190586639242,
      "diversityNorm": 0.5245127121918025,
      "landAreaNorm": 0.21331873792969203
    },
    "27": {
      "name": "Minnesota",
      "population": 5739445,
      "density": 72.07936409002689,
      "income": 87117,
      "diversity": 0.4264920135196767,
      "landArea": 79626.743,
      "densityNorm": 0.05225702464165066,
      "incomeNorm": 0.6124592459683595,
      "diversityNorm": 0.452564679165143,
      "landAreaNorm": 0.3020505926687025
    },
    "28": {
      "name": "Mississippi",
      "population": 2946779,
      "density": 62.79994443695468,
      "income": 59127,
      "diversity": 0.5668370578433486,
      "landArea": 46923.274,
      "densityNorm": 0.04491883917304144,
      "incomeNorm": 0,
      "diversityNorm": 0.7313379686410388,
      "landAreaNorm": 0.17636368521456575
    },
    "29": {
      "name": "Missouri",
      "population": 6191814,
      "density": 90.07385667137251,
      "income": 71589,
      "diversity": 0.40249105170514066,
      "landArea": 68741.522,
      "densityNorm": 0.06648710894780759,
      "incomeNorm": 0.2726854992232117,
      "diversityNorm": 0.40489055495315585,
      "landAreaNorm": 0.26021619997951023
    },
    "30": {
      "name": "Montana",
      "population": 1116875,
      "density": 7.673701283900316,
      "income": 75340,
      "diversity": 0.29860611752946475,
      "landArea": 145545.801,
      "densityNorm": 0.0013248848559917906,
      "incomeNorm": 0.3547624778451237,
      "diversityNorm": 0.1985395222772171,
      "landAreaNorm": 0.5553926018087686
    },
    "31": {
      "name": "Nebraska",
      "population": 1978707,
      "density": 25.756307868261928,
      "income": 76376,
      "diversity": 0.43000381411130895,
      "landArea": 76824.171,
      "densityNorm": 0.015624649909510851,
      "incomeNorm": 0.37743156604888295,
      "diversityNorm": 0.4595403170127816,
      "landAreaNorm": 0.29127966779839115
    },
    "32": {
      "name": "Nevada",
      "population": 3184612,
      "density": 29.008724446212003,
      "income": 81134,
      "diversity": 0.7020917114367708,
      "landArea": 109781.18,
      "densityNorm": 0.018196668091949145,
      "incomeNorm": 0.48154307345572306,
      "diversityNorm": 1,
      "landAreaNorm": 0.41794098743234653
    },
    "33": {
      "name": "New Hampshire",
      "population": 1394868,
      "density": 155.80502356229456,
      "income": 99782,
      "diversity": 0.2484143175138066,
      "landArea": 8952.651,
      "densityNorm": 0.11846746027872274,
      "incomeNorm": 0.889586661123389,
      "diversityNorm": 0.09884142988991573,